{
  "Total" : {
    "transaction" : "Total",
    "sampleCount" : 30,
    "errorCount" : 0,
    "errorPct" : 0.0,
    "meanResTime" : 1136.0,
    "medianResTime" : 692.5,
    "minResTime" : 276.0,
    "maxResTime" : 2512.0,
    "pct1ResTime" : 2417.0000000000005,
    "pct2ResTime" : 2467.45,
    "pct3ResTime" : 2512.0,
    "throughput" : 5.311614730878187,
    "receivedKBytesPerSec" : 512.4307691882083,
    "sentKBytesPerSec" : 0.6345581400495751
  },
  "Blog" : {
    "transaction" : "Blog",
    "sampleCount" : 10,
    "errorCount" : 0,
    "errorPct" : 0.0,
    "meanResTime" : 612.6,
    "medianResTime" : 415.0,
    "minResTime" : 276.0,
    "maxResTime" : 2309.0,
    "pct1ResTime" : 2144.6000000000004,
    "pct2ResTime" : 2309.0,
    "pct3ResTime" : 2309.0,
    "throughput" : 4.132231404958678,
    "receivedKBytesPerSec" : 292.3795841942149,
    "sentKBytesPerSec" : 0.48828125
  },
  "HTTP Request" : {
    "transaction" : "HTTP Request",
    "sampleCount" : 10,
    "errorCount" : 0,
    "errorPct" : 0.0,
    "meanResTime" : 682.0999999999999,
    "medianResTime" : 646.0,
    "minResTime" : 585.0,
    "maxResTime" : 856.0,
    "pct1ResTime" : 850.5,
    "pct2ResTime" : 856.0,
    "pct3ResTime" : 856.0,
    "throughput" : 3.3333333333333335,
    "receivedKBytesPerSec" : 467.3697916666667,
    "sentKBytesPerSec" : 0.3971354166666667
  },
  "Contact" : {
    "transaction" : "Contact",
    "sampleCount" : 10,
    "errorCount" : 0,
    "errorPct" : 0.0,
    "meanResTime" : 2113.3,
    "medianResTime" : 2164.0,
    "minResTime" : 1607.0,
    "maxResTime" : 2512.0,
    "pct1ResTime" : 2503.9,
    "pct2ResTime" : 2512.0,
    "pct3ResTime" : 2512.0,
    "throughput" : 3.9808917197452227,
    "receivedKBytesPerSec" : 312.317283290207,
    "sentKBytesPerSec" : 0.4820611066878981
  }
}